location,date,vaccine,source_url,total_vaccinations,people_vaccinated,people_fully_vaccinated,total_boosters
Bangladesh,1/26/2021,Oxford/AstraZeneca,https://www.dhakatribune.com/health/coronavirus/2021/02/01/covid-19-5-vaccine-takers-report-similar-minor-side-effects,0,0,,
Bangladesh,1/27/2021,Oxford/AstraZeneca,https://www.dhakatribune.com/health/coronavirus/2021/02/01/covid-19-5-vaccine-takers-report-similar-minor-side-effects,26,26,,
Bangladesh,1/28/2021,Oxford/AstraZeneca,https://www.dhakatribune.com/health/coronavirus/2021/02/01/covid-19-5-vaccine-takers-report-similar-minor-side-effects,567,567,,
Bangladesh,2/7/2021,Oxford/AstraZeneca,https://bdnews24.com/bangladesh/2021/02/08/bangladesh-administers-31160-doses-on-first-day-of-covid-vaccination-drive,31160,31160,,
Bangladesh,2/9/2021,Oxford/AstraZeneca,https://www.dhakatribune.com/bangladesh/2021/02/10/number-of-vaccine-takers-on-the-rise,179318,179318,,
Bangladesh,2/10/2021,Oxford/AstraZeneca,https://www.dhakatribune.com/bangladesh/2021/02/10/number-of-vaccine-takers-on-the-rise,337769,337769,,
Bangladesh,2/13/2021,Oxford/AstraZeneca,https://www.dhakatribune.com/bangladesh/2021/02/13/nearly-200-000-get-covid-19-vaccine-shots-in-a-day,736680,736680,,
Bangladesh,2/14/2021,Oxford/AstraZeneca,https://www.dhakatribune.com/health/coronavirus/2021/02/14/covid-19-vaccination-bangladesh-on-the-right-track,906033,906033,,
Bangladesh,2/15/2021,Oxford/AstraZeneca,https://dghs.gov.bd/images/docs/Press%20Release/Covid-19-Vaccination-Update-15-2-2021.pdf,1132711,1132711,,
Bangladesh,2/16/2021,Oxford/AstraZeneca,https://dghs.gov.bd/images/docs/Press%20Release/Covid-19-Vaccination-Update-16-2-2021.pdf,1359613,1359613,,
Bangladesh,2/17/2021,Oxford/AstraZeneca,https://dghs.gov.bd/images/docs/Press%20Release/Covid-19-Vaccination-Update-17-2-2021.pdf,1586368,1586368,,
Bangladesh,2/18/2021,Oxford/AstraZeneca,https://dghs.gov.bd/images/docs/Press%20Release/Covid-19-Vaccination-Update-18-2-2021.pdf,1848313,1848313,,
Bangladesh,2/20/2021,Oxford/AstraZeneca,https://dghs.gov.bd/images/docs/Press%20Release/Covid-19-Vaccination-Update-20-2-2021.pdf,2082877,2082877,,
Bangladesh,2/22/2021,Oxford/AstraZeneca,https://dghs.gov.bd/images/docs/Press%20Release/Covid-19-Vaccination-Update-22-2-2021.pdf,2308157,2308157,,
Bangladesh,2/23/2021,Oxford/AstraZeneca,https://dghs.gov.bd/images/docs/Press%20Release/Covid-19-Vaccination-Update-23-2-2021.pdf,2491053,2491053,,
Bangladesh,2/24/2021,Oxford/AstraZeneca,https://dghs.gov.bd/images/docs/Press%20Release/Covid-19-Vaccination-Update-24-2-2021.pdf,2673038,2673038,,
Bangladesh,2/25/2021,Oxford/AstraZeneca,https://dghs.gov.bd/images/docs/Press%20Release/Covid-19-Vaccination-Update-25-2-2021.pdf,2850940,2850940,,
Bangladesh,2/27/2021,Oxford/AstraZeneca,https://dghs.gov.bd/images/docs/Press%20Release/Covid-19-Vaccination-Update-27-2-2021.pdf,2984773,2984773,,
Bangladesh,2/28/2021,Oxford/AstraZeneca,https://corona.gov.bd/storage/press-releases/February2021/OAb3i7TdP1FbyuEaf5dO.pdf,3110525,3110525,,
Bangladesh,3/2/2021,Oxford/AstraZeneca,https://dghs.gov.bd/images/docs/Press%20Release/Covid-19-Vaccination-Update-2-3-2021.pdf,3341505,3341505,,
Bangladesh,3/4/2021,Oxford/AstraZeneca,https://dghs.gov.bd/images/docs/Press%20Release/Covid-19-Vaccination-Update-4-3-2021.pdf,3581169,3581169,,
Bangladesh,3/7/2021,Oxford/AstraZeneca,https://dghs.gov.bd/images/docs/Press%20Release/Covid-19-Vaccination-Update-7-3-2021.pdf,3682152,3682152,,
Bangladesh,3/9/2021,Oxford/AstraZeneca,https://dghs.gov.bd/images/docs/Press%20Release/Covid-19-Vaccination-Update-9-3-2021.pdf,4013963,4013963,,
Bangladesh,3/11/2021,Oxford/AstraZeneca,https://dghs.gov.bd/images/docs/Press%20Release/Covid-19-Vaccination-Update-11-3-2021.pdf,4218127,4218127,,
Bangladesh,3/14/2021,Oxford/AstraZeneca,https://dghs.gov.bd/images/docs/Press%20Release/Covid-19-Vaccination-Update-14-3-2021.pdf,4398094,4398094,,
Bangladesh,3/16/2021,Oxford/AstraZeneca,https://dghs.gov.bd/images/docs/Press%20Release/Covid-19-Vaccination-Update-16-3-2021.pdf,4580391,4580391,,
Bangladesh,3/18/2021,Oxford/AstraZeneca,https://dghs.gov.bd/images/docs/Press%20Release/Covid-19-Vaccination-Update-18-3-2021.pdf,4687824,4687824,,
Bangladesh,3/20/2021,Oxford/AstraZeneca,https://dghs.gov.bd/images/docs/Press%20Release/Covid-19-Vaccination-Update-20-3-2021.pdf,4760747,4760747,,
Bangladesh,3/22/2021,Oxford/AstraZeneca,https://dghs.gov.bd/images/docs/Press%20Release/Covid-19-Vaccination-Update-22-3-2021.pdf,4911902,4911902,,
Bangladesh,3/24/2021,Oxford/AstraZeneca,https://dghs.gov.bd/images/docs/vpr/Covid-19-Vaccination-Update-24-3-2021.pdf,5069049,5069049,,
Bangladesh,3/25/2021,Oxford/AstraZeneca,https://dghs.gov.bd/images/docs/vpr/Covid-19-Vaccination-Update-25-3-2021.pdf,5139456,5139456,,
Bangladesh,3/29/2021,Oxford/AstraZeneca,https://corona.gov.bd/storage/press-releases/March2021/ZhGxbB5GAvKd2xrHa6yb.pdf,5319679,5319679,,
Bangladesh,3/31/2021,Oxford/AstraZeneca,https://dghs.gov.bd/images/docs/vpr/Covid-19-Vaccination-Update-31-3-2021.pdf,5370431,5370431,,
Bangladesh,4/1/2021,Oxford/AstraZeneca,https://dghs.gov.bd/images/docs/vpr/Covid-19-Vaccination-Update-1-4-2021.pdf,5412691,5412691,,
Bangladesh,4/3/2021,Oxford/AstraZeneca,https://dghs.gov.bd/images/docs/vpr/Covid-19-Vaccination-Update-3-4-2021.pdf,5452634,5452634,,
Bangladesh,4/4/2021,Oxford/AstraZeneca,https://dghs.gov.bd/images/docs/vpr/Covid-19-Vaccination-Update-4-4-2021.pdf,5498172,5498172,,
Bangladesh,4/5/2021,Oxford/AstraZeneca,https://dghs.gov.bd/images/docs/vpr/Covid-19-Vaccination-Update-5-4-2021.pdf,5539494,5539494,,
Bangladesh,4/7/2021,Oxford/AstraZeneca,https://dghs.gov.bd/images/docs/vpr/Covid-19-Vaccination-Update-7-4-2021.pdf,5568703,5568703,,
Bangladesh,4/8/2021,Oxford/AstraZeneca,https://dghs.gov.bd/images/docs/vpr/Covid-19-Vaccination-Update-8-4-2021.pdf,5664830,5583507,81323,
Bangladesh,4/10/2021,Oxford/AstraZeneca,https://dghs.gov.bd/images/docs/vpr/Covid-19-Vaccination-Update-10-4-2021.pdf,5821476,5603450,218026,
Bangladesh,4/11/2021,Oxford/AstraZeneca,https://dghs.gov.bd/images/docs/vpr/Covid-19-Vaccination-Update-11-4-2021.pdf,6010824,5627107,383717,
Bangladesh,4/12/2021,Oxford/AstraZeneca,https://dghs.gov.bd/images/docs/vpr/Covid-19-Vaccination-Update-12-4-2021.pdf,6172159,5649563,522596,
Bangladesh,4/15/2021,Oxford/AstraZeneca,https://dghs.gov.bd/images/docs/vpr/Covid-19-Vaccination-Update-15-4-2021.pdf,6617036,5686885,930151,
Bangladesh,4/18/2021,Oxford/AstraZeneca,https://dghs.gov.bd/images/docs/vpr/Covid-19-Vaccination-Update-18-4-2021.pdf,7080699,5714090,1366609,
Bangladesh,4/20/2021,Oxford/AstraZeneca,https://dghs.gov.bd/images/docs/vpr/Covid-19-Vaccination-Update-20-4-2021.pdf,7423274,5745085,1678189,
Bangladesh,4/22/2021,Oxford/AstraZeneca,https://dghs.gov.bd/images/docs/vpr/Covid-19-Vaccination-Update-22-4-2021.pdf,7746661,5778686,1967975,
Bangladesh,4/24/2021,Oxford/AstraZeneca,https://dghs.gov.bd/images/docs/vpr/Covid-19-Vaccination-Update-24-4-2021.pdf,7954176,5798880,2155296,
Bangladesh,4/25/2021,Oxford/AstraZeneca,https://dghs.gov.bd/images/docs/vpr/Covid-19-Vaccination-Update-25-4-2021.pdf,8145266,5818400,2326866,
Bangladesh,4/26/2021,Oxford/AstraZeneca,https://dghs.gov.bd/images/docs/vpr/Covid-19-Vaccination-Update-26-4-2021.pdf,8277514,5819291,2458223,
Bangladesh,4/27/2021,Oxford/AstraZeneca,https://dghs.gov.bd/images/docs/vpr/Covid-19-Vaccination-Update-27-4-2021.pdf,8398700,5819616,2579084,
Bangladesh,4/28/2021,Oxford/AstraZeneca,https://dghs.gov.bd/images/docs/vpr/Covid-19-Vaccination-Update-28-4-2021.pdf,8517801,5819646,2698155,
Bangladesh,4/29/2021,Oxford/AstraZeneca,https://dghs.gov.bd/images/docs/vpr/Covid-19-Vaccination-Update-29-4-2021.pdf,8625350,5819656,2805694,
Bangladesh,5/2/2021,Oxford/AstraZeneca,https://dghs.gov.bd/images/docs/vpr/Covid-19-Vaccination-Update-2-5-2021.pdf,8755950,5819709,2936241,
Bangladesh,5/3/2021,Oxford/AstraZeneca,https://dghs.gov.bd/images/docs/vpr/Covid-19-Vaccination-Update-3-5-2021.pdf,8842888,5819719,3023169,
Bangladesh,5/4/2021,Oxford/AstraZeneca,https://dghs.gov.bd/images/docs/vpr/Covid-19-Vaccination-Update-4-5-2021.pdf,8926466,5819757,3106709,
Bangladesh,5/5/2021,Oxford/AstraZeneca,https://dghs.gov.bd/images/docs/vpr/Covid-19-Vaccination-Update-5-5-2021.pdf,9030320,5819811,3210509,
Bangladesh,5/6/2021,Oxford/AstraZeneca,https://dghs.gov.bd/images/docs/vpr/Covid-19-Vaccination-Update-6-5-2021.pdf,9133278,5819854,3313424,
Bangladesh,5/8/2021,Oxford/AstraZeneca,https://dghs.gov.bd/images/docs/vpr/Covid-19-Vaccination-Update-8-5-2021.pdf,9221387,5819856,3401531,
Bangladesh,5/9/2021,Oxford/AstraZeneca,https://dghs.gov.bd/images/docs/vpr/Covid-19-Vaccination-Update-9-5-2021.pdf,9316086,5819900,3496186,
Bangladesh,5/11/2021,Oxford/AstraZeneca,https://dghs.gov.bd/images/docs/vpr/Covid-19-Vaccination-Update-11-5-2021.pdf,9413433,5819910,3593523,
Bangladesh,5/12/2021,Oxford/AstraZeneca,https://dghs.gov.bd/images/docs/vpr/Covid-19-Vaccination-Update-12-5-2021.pdf,9471065,5819912,3651153,
Bangladesh,5/16/2021,Oxford/AstraZeneca,https://dghs.gov.bd/images/docs/vpr/Covid-19-Vaccination-Update-16-5-2021.pdf,9519995,5819912,3700083,
Bangladesh,5/17/2021,Oxford/AstraZeneca,https://dghs.gov.bd/images/docs/vpr/Covid-19-Vaccination-Update-17-5-2021.pdf,9576935,5819912,3757023,
Bangladesh,5/18/2021,Oxford/AstraZeneca,http://103.247.238.92/webportal/pages/covid19-vaccination-update.php,9639289,5823201,3816088,
Bangladesh,5/19/2021,Oxford/AstraZeneca,http://103.247.238.92/webportal/pages/covid19-vaccination-update.php,9650852,5823201,3827651,
Bangladesh,5/20/2021,Oxford/AstraZeneca,http://103.247.238.92/webportal/pages/covid19-vaccination-update.php,9748408,5823201,3925207,
Bangladesh,5/22/2021,Oxford/AstraZeneca,http://103.247.238.92/webportal/pages/covid19-vaccination-update.php,9789875,5823201,3966674,
Bangladesh,5/24/2021,Oxford/AstraZeneca,http://103.247.238.92/webportal/pages/covid19-vaccination-update.php,9868062,5823231,4044831,
Bangladesh,5/25/2021,Oxford/AstraZeneca,http://103.247.238.92/webportal/pages/covid19-vaccination-update.php,9901717,5823231,4078486,
Bangladesh,5/27/2021,Oxford/AstraZeneca,http://103.247.238.92/webportal/pages/covid19-vaccination-update.php,9939018,5823245,4115773,
Bangladesh,5/29/2021,Oxford/AstraZeneca,http://103.247.238.92/webportal/pages/covid19-vaccination-update.php,9959947,5823245,4136702,
Bangladesh,5/30/2021,Oxford/AstraZeneca,http://103.247.238.92/webportal/pages/covid19-vaccination-update.php,9979415,5823245,4156170,
Bangladesh,5/31/2021,Oxford/AstraZeneca,http://103.247.238.92/webportal/pages/covid19-vaccination-update.php,9991671,5823245,4168426,
Bangladesh,6/1/2021,Oxford/AstraZeneca,http://103.247.238.92/webportal/pages/covid19-vaccination-update.php,9992849,5823245,4169604,
Bangladesh,6/3/2021,Oxford/AstraZeneca,http://103.247.238.92/webportal/pages/covid19-vaccination-update.php,10020942,5823245,4197697,
Bangladesh,6/5/2021,Oxford/AstraZeneca,http://103.247.238.92/webportal/pages/covid19-vaccination-update.php,10021634,5823245,4198389,
Bangladesh,6/6/2021,Oxford/AstraZeneca,http://103.247.238.92/webportal/pages/covid19-vaccination-update.php,10034502,5823245,4211257,
Bangladesh,6/7/2021,Oxford/AstraZeneca,http://103.247.238.92/webportal/pages/covid19-vaccination-update.php,10040964,5823245,4217719,
Bangladesh,6/8/2021,Oxford/AstraZeneca,http://103.247.238.92/webportal/pages/covid19-vaccination-update.php,10046528,5823245,4223283,
Bangladesh,6/10/2021,Oxford/AstraZeneca,http://103.247.238.92/webportal/pages/covid19-vaccination-update.php,10058643,5823245,4235398,
Bangladesh,6/12/2021,Oxford/AstraZeneca,http://103.247.238.92/webportal/pages/covid19-vaccination-update.php,10062784,5823245,4239539,
Bangladesh,6/14/2021,Oxford/AstraZeneca,http://103.247.238.92/webportal/pages/covid19-vaccination-update.php,10071313,5823245,4248068,
Bangladesh,6/16/2021,Oxford/AstraZeneca,http://103.247.238.92/webportal/pages/covid19-vaccination-update.php,10078366,5823245,4255121,
Bangladesh,6/17/2021,Oxford/AstraZeneca,http://103.247.238.92/webportal/pages/covid19-vaccination-update.php,10079471,5823245,4256226,
Bangladesh,6/19/2021,"Oxford/AstraZeneca, Sinopharm/Beijing",http://103.247.238.92/webportal/pages/covid19-vaccination-update.php,10083608,5823245,4260363,
Bangladesh,6/20/2021,"Oxford/AstraZeneca, Sinopharm/Beijing",http://103.247.238.92/webportal/pages/covid19-vaccination-update.php,10086979,5823245,4263734,
Bangladesh,6/21/2021,"Oxford/AstraZeneca, Sinopharm/Beijing, Pfizer/BioNTech",http://103.247.238.92/webportal/pages/covid19-vaccination-update.php,10089982,5823245,4266737,
Bangladesh,6/22/2021,"Oxford/AstraZeneca, Sinopharm/Beijing, Pfizer/BioNTech",http://103.247.238.92/webportal/pages/covid19-vaccination-update.php,10090206,5823245,4266961,
Bangladesh,6/23/2021,"Oxford/AstraZeneca, Sinopharm/Beijing, Pfizer/BioNTech",http://103.247.238.92/webportal/pages/covid19-vaccination-update.php,10090433,5823245,4267188,
Bangladesh,6/24/2021,"Oxford/AstraZeneca, Sinopharm/Beijing, Pfizer/BioNTech",http://103.247.238.92/webportal/pages/covid19-vaccination-update.php,10095579,5823245,4272334,
Bangladesh,6/26/2021,"Oxford/AstraZeneca, Sinopharm/Beijing, Pfizer/BioNTech",http://103.247.238.92/webportal/pages/covid19-vaccination-update.php,10097645,5823245,4274400,
Bangladesh,6/28/2021,"Oxford/AstraZeneca, Sinopharm/Beijing, Pfizer/BioNTech",http://103.247.238.92/webportal/pages/covid19-vaccination-update.php,10099562,5823245,4276317,
Bangladesh,6/29/2021,"Oxford/AstraZeneca, Sinopharm/Beijing, Pfizer/BioNTech",http://103.247.238.92/webportal/pages/covid19-vaccination-update.php,10101143,5823245,4277898,
Bangladesh,6/30/2021,"Oxford/AstraZeneca, Sinopharm/Beijing, Pfizer/BioNTech",http://103.247.238.92/webportal/pages/covid19-vaccination-update.php,10103015,5823245,4279770,
Bangladesh,7/3/2021,"Oxford/AstraZeneca, Sinopharm/Beijing, Pfizer/BioNTech",http://103.247.238.92/webportal/pages/covid19-vaccination-update.php,10104748,5823245,4281503,
Bangladesh,7/5/2021,"Oxford/AstraZeneca, Sinopharm/Beijing, Pfizer/BioNTech",http://103.247.238.92/webportal/pages/covid19-vaccination-update.php,10106136,5823245,4282891,
Bangladesh,7/8/2021,"Oxford/AstraZeneca, Pfizer/BioNTech, Sinopharm/Beijing",http://103.247.238.92/webportal/pages/covid19-vaccination-update.php,10107557,5823245,4284312,
Bangladesh,7/13/2021,"Oxford/AstraZeneca, Pfizer/BioNTech, Sinopharm/Beijing",http://103.247.238.92/webportal/pages/covid19-vaccination-update.php,10108224,5823265,4284959,
Bangladesh,7/21/2021,"Moderna, Oxford/AstraZeneca, Pfizer/BioNTech, Sinopharm/Beijing",http://103.247.238.92/webportal/pages/covid19-vaccination-update.php,10112604,5823265,4289339,
Bangladesh,7/22/2021,"Moderna, Oxford/AstraZeneca, Pfizer/BioNTech, Sinopharm/Beijing",http://103.247.238.92/webportal/pages/covid19-vaccination-update.php,10320579,6031105,4289474,
Bangladesh,7/24/2021,"Moderna, Oxford/AstraZeneca, Pfizer/BioNTech, Sinopharm/Beijing",http://103.247.238.92/webportal/pages/covid19-vaccination-update.php,10322957,6033439,4289518,
Bangladesh,7/25/2021,"Moderna, Oxford/AstraZeneca, Pfizer/BioNTech, Sinopharm/Beijing",http://103.247.238.92/webportal/pages/covid19-vaccination-update.php,10366468,6076310,4290158,
Bangladesh,7/26/2021,"Moderna, Oxford/AstraZeneca, Pfizer/BioNTech, Sinopharm/Beijing",http://103.247.238.92/webportal/pages/covid19-vaccination-update.php,10404676,6114127,4290549,
Bangladesh,7/27/2021,"Moderna, Oxford/AstraZeneca, Pfizer/BioNTech, Sinopharm/Beijing",http://103.247.238.92/webportal/pages/covid19-vaccination-update.php,10472964,6181065,4291899,
Bangladesh,7/28/2021,"Moderna, Oxford/AstraZeneca, Pfizer/BioNTech, Sinopharm/Beijing",http://103.247.238.92/webportal/pages/covid19-vaccination-update.php,10920876,6622525,4298351,
Bangladesh,7/29/2021,"Moderna, Oxford/AstraZeneca, Pfizer/BioNTech, Sinopharm/Beijing",http://103.247.238.92/webportal/pages/covid19-vaccination-update.php,11189663,6883277,4306386,
Bangladesh,7/30/2021,"Moderna, Oxford/AstraZeneca, Pfizer/BioNTech, Sinopharm/Beijing",http://103.247.238.92/webportal/pages/covid19-vaccination-update.php,11734447,7428061,4306386,
Bangladesh,7/31/2021,"Moderna, Oxford/AstraZeneca, Pfizer/BioNTech, Sinopharm/Beijing",http://103.247.238.92/webportal/pages/covid19-vaccination-update.php,12849265,8520221,4329044,
Bangladesh,8/1/2021,"Moderna, Oxford/AstraZeneca, Pfizer/BioNTech, Sinopharm/Beijing",http://103.247.238.92/webportal/pages/covid19-vaccination-update.php,13141815,8803650,4338165,
Bangladesh,8/2/2021,"Moderna, Oxford/AstraZeneca, Pfizer/BioNTech, Sinopharm/Beijing",http://103.247.238.92/webportal/pages/covid19-vaccination-update.php,13455373,9105713,4349660,
Bangladesh,8/3/2021,"Moderna, Oxford/AstraZeneca, Pfizer/BioNTech, Sinopharm/Beijing",http://103.247.238.92/webportal/pages/covid19-vaccination-update.php,14103674,9715105,4388569,
Bangladesh,8/5/2021,"Moderna, Oxford/AstraZeneca, Pfizer/BioNTech, Sinopharm/Beijing",http://103.247.238.92/webportal/pages/covid19-vaccination-update.php,14510568,10060879,4449689,
Bangladesh,8/7/2021,"Moderna, Oxford/AstraZeneca, Pfizer/BioNTech, Sinopharm/Beijing",http://103.247.238.92/webportal/pages/covid19-vaccination-update.php,14699590,10235458,4464132,
Bangladesh,8/8/2021,"Moderna, Oxford/AstraZeneca, Pfizer/BioNTech, Sinopharm/Beijing",http://103.247.238.92/webportal/pages/covid19-vaccination-update.php,17678802,13159099,4519703,
Bangladesh,8/9/2021,"Moderna, Oxford/AstraZeneca, Pfizer/BioNTech, Sinopharm/Beijing",http://103.247.238.92/webportal/pages/covid19-vaccination-update.php,18675672,14062404,4613268,
Bangladesh,8/10/2021,"Moderna, Oxford/AstraZeneca, Pfizer/BioNTech, Sinopharm/Beijing",http://103.247.238.92/webportal/pages/covid19-vaccination-update.php,19288874,14556745,4732129,
Bangladesh,8/11/2021,"Moderna, Oxford/AstraZeneca, Pfizer/BioNTech, Sinopharm/Beijing",http://103.247.238.92/webportal/pages/covid19-vaccination-update.php,19785800,14875182,4910618,
Bangladesh,8/12/2021,"Moderna, Oxford/AstraZeneca, Pfizer/BioNTech, Sinopharm/Beijing",http://103.247.238.92/webportal/pages/covid19-vaccination-update.php,20198481,15128897,5069584,
Bangladesh,8/13/2021,"Moderna, Oxford/AstraZeneca, Pfizer/BioNTech, Sinopharm/Beijing",http://103.247.238.92/webportal/pages/covid19-vaccination-update.php,20362016,15210889,5151127,
Bangladesh,8/14/2021,"Moderna, Oxford/AstraZeneca, Pfizer/BioNTech, Sinopharm/Beijing",http://103.247.238.92/webportal/pages/covid19-vaccination-update.php,20641652,15417404,5224248,
Bangladesh,8/15/2021,"Moderna, Oxford/AstraZeneca, Pfizer/BioNTech, Sinopharm/Beijing",http://103.247.238.92/webportal/pages/covid19-vaccination-update.php,20918340,15567318,5351022,
Bangladesh,8/16/2021,"Moderna, Oxford/AstraZeneca, Pfizer/BioNTech, Sinopharm/Beijing",http://103.247.238.92/webportal/pages/covid19-vaccination-update.php,20992637,15567318,5425319,
Bangladesh,8/17/2021,"Moderna, Oxford/AstraZeneca, Pfizer/BioNTech, Sinopharm/Beijing",http://103.247.238.92/webportal/pages/covid19-vaccination-update.php,21432342,15742198,5690144,
Bangladesh,8/18/2021,"Moderna, Oxford/AstraZeneca, Pfizer/BioNTech, Sinopharm/Beijing",http://103.247.238.92/webportal/pages/covid19-vaccination-update.php,21767854,15898019,5869835,
Bangladesh,8/19/2021,"Moderna, Oxford/AstraZeneca, Pfizer/BioNTech, Sinopharm/Beijing",http://103.247.238.92/webportal/pages/covid19-vaccination-update.php,22166720,16083447,6083273,
Bangladesh,8/21/2021,"Moderna, Oxford/AstraZeneca, Pfizer/BioNTech, Sinopharm/Beijing",http://103.247.238.92/webportal/pages/covid19-vaccination-update.php,22415481,16258753,6156728,
Bangladesh,8/22/2021,"Moderna, Oxford/AstraZeneca, Pfizer/BioNTech, Sinopharm/Beijing",http://103.247.238.92/webportal/pages/covid19-vaccination-update.php,22813877,16491181,6322696,
Bangladesh,8/23/2021,"Moderna, Oxford/AstraZeneca, Pfizer/BioNTech, Sinopharm/Beijing",http://103.247.238.92/webportal/pages/covid19-vaccination-update.php,23267430,16765756,6501674,
Bangladesh,8/24/2021,"Moderna, Oxford/AstraZeneca, Pfizer/BioNTech, Sinopharm/Beijing",http://103.247.238.92/webportal/pages/covid19-vaccination-update.php,23737677,17054356,6683321,
Bangladesh,8/25/2021,"Moderna, Oxford/AstraZeneca, Pfizer/BioNTech, Sinopharm/Beijing",http://103.247.238.92/webportal/pages/covid19-vaccination-update.php,24251390,17348143,6903247,
Bangladesh,8/26/2021,"Moderna, Oxford/AstraZeneca, Pfizer/BioNTech, Sinopharm/Beijing",http://103.247.238.92/webportal/pages/covid19-vaccination-update.php,24781134,17648128,7133006,
Bangladesh,8/29/2021,"Moderna, Oxford/AstraZeneca, Pfizer/BioNTech, Sinopharm/Beijing",http://103.247.238.92/webportal/pages/covid19-vaccination-update.php,25542041,18131561,7410480,
Bangladesh,8/31/2021,"Moderna, Oxford/AstraZeneca, Pfizer/BioNTech, Sinopharm/Beijing",http://103.247.238.92/webportal/pages/covid19-vaccination-update.php,26471819,18580195,7891624,
Bangladesh,9/2/2021,"Moderna, Oxford/AstraZeneca, Pfizer/BioNTech, Sinopharm/Beijing",http://103.247.238.92/webportal/pages/covid19-vaccination-update.php,26993280,18746000,8247280,
Bangladesh,9/4/2021,"Moderna, Oxford/AstraZeneca, Pfizer/BioNTech, Sinopharm/Beijing",http://103.247.238.92/webportal/pages/covid19-vaccination-update.php,27343557,18945025,8398532,
Bangladesh,9/5/2021,"Moderna, Oxford/AstraZeneca, Pfizer/BioNTech, Sinopharm/Beijing",http://103.247.238.92/webportal/pages/covid19-vaccination-update.php,27715325,19150115,8565210,
Bangladesh,9/6/2021,"Moderna, Oxford/AstraZeneca, Pfizer/BioNTech, Sinopharm/Beijing",http://103.247.238.92/webportal/pages/covid19-vaccination-update.php,28074272,19340488,8733784,
Bangladesh,9/7/2021,"Moderna, Oxford/AstraZeneca, Pfizer/BioNTech, Sinopharm/Beijing",http://103.247.238.92/webportal/pages/covid19-vaccination-update.php,28576527,19613839,8962688,
Bangladesh,9/8/2021,"Moderna, Oxford/AstraZeneca, Pfizer/BioNTech, Sinopharm/Beijing",http://103.247.238.92/webportal/pages/covid19-vaccination-update.php,31596628,19840998,11755630,
Bangladesh,9/9/2021,"Moderna, Oxford/AstraZeneca, Pfizer/BioNTech, Sinopharm/Beijing",http://103.247.238.92/webportal/pages/covid19-vaccination-update.php,32751434,20141795,12609639,
Bangladesh,9/11/2021,"Moderna, Oxford/AstraZeneca, Pfizer/BioNTech, Sinopharm/Beijing",http://103.247.238.92/webportal/pages/covid19-vaccination-update.php,33713954,20436050,13277904,
Bangladesh,9/12/2021,"Moderna, Oxford/AstraZeneca, Pfizer/BioNTech, Sinopharm/Beijing",http://103.247.238.92/webportal/pages/covid19-vaccination-update.php,34288574,20656175,13632399,
Bangladesh,9/13/2021,"Moderna, Oxford/AstraZeneca, Pfizer/BioNTech, Sinopharm/Beijing",http://103.247.238.92/webportal/pages/covid19-vaccination-update.php,34779989,20911189,13868800,
Bangladesh,9/14/2021,"Moderna, Oxford/AstraZeneca, Pfizer/BioNTech, Sinopharm/Beijing",http://103.247.238.92/webportal/pages/covid19-vaccination-update.php,35188485,21139916,14048569,
Bangladesh,9/15/2021,"Moderna, Oxford/AstraZeneca, Pfizer/BioNTech, Sinopharm/Beijing",http://103.247.238.92/webportal/pages/covid19-vaccination-update.php,35483633,21323646,14159987,
Bangladesh,9/16/2021,"Moderna, Oxford/AstraZeneca, Pfizer/BioNTech, Sinopharm/Beijing",http://103.247.238.92/webportal/pages/covid19-vaccination-update.php,35861843,21559401,14302442,
Bangladesh,9/18/2021,"Moderna, Oxford/AstraZeneca, Pfizer/BioNTech, Sinopharm/Beijing",http://103.247.238.92/webportal/pages/covid19-vaccination-update.php,36298150,21836090,14462060,
Bangladesh,9/19/2021,"Moderna, Oxford/AstraZeneca, Pfizer/BioNTech, Sinopharm/Beijing",http://103.247.238.92/webportal/pages/covid19-vaccination-update.php,36832791,22148103,14684688,
Bangladesh,9/20/2021,"Moderna, Oxford/AstraZeneca, Pfizer/BioNTech, Sinopharm/Beijing",http://103.247.238.92/webportal/pages/covid19-vaccination-update.php,37400947,22491063,14909884,
Bangladesh,9/21/2021,"Moderna, Oxford/AstraZeneca, Pfizer/BioNTech, Sinopharm/Beijing",http://103.247.238.92/webportal/pages/covid19-vaccination-update.php,37936542,22821357,15115185,
Bangladesh,9/22/2021,"Moderna, Oxford/AstraZeneca, Pfizer/BioNTech, Sinopharm/Beijing",http://103.247.238.92/webportal/pages/covid19-vaccination-update.php,38516436,23164422,15352014,
Bangladesh,9/23/2021,"Moderna, Oxford/AstraZeneca, Pfizer/BioNTech, Sinopharm/Beijing",http://103.247.238.92/webportal/pages/covid19-vaccination-update.php,39118015,23509860,15608155,
Bangladesh,9/25/2021,"Moderna, Oxford/AstraZeneca, Pfizer/BioNTech, Sinopharm/Beijing",http://103.247.238.92/webportal/pages/covid19-vaccination-update.php,39638948,23783472,15855476,
Bangladesh,9/26/2021,"Moderna, Oxford/AstraZeneca, Pfizer/BioNTech, Sinopharm/Beijing",http://103.247.238.92/webportal/pages/covid19-vaccination-update.php,40317634,24194096,16123538,
Bangladesh,9/27/2021,"Moderna, Oxford/AstraZeneca, Pfizer/BioNTech, Sinopharm/Beijing",http://103.247.238.92/webportal/pages/covid19-vaccination-update.php,40976791,24575140,16401651,
Bangladesh,9/28/2021,"Moderna, Oxford/AstraZeneca, Pfizer/BioNTech, Sinopharm/Beijing",http://103.247.238.92/webportal/pages/covid19-vaccination-update.php,41466455,24877392,16589063,
Bangladesh,9/29/2021,"Moderna, Oxford/AstraZeneca, Pfizer/BioNTech, Sinopharm/Beijing",http://103.247.238.92/webportal/pages/covid19-vaccination-update.php,48225447,31502515,16722932,
Bangladesh,10/1/2021,"Moderna, Oxford/AstraZeneca, Pfizer/BioNTech, Sinopharm/Beijing",http://103.247.238.92/webportal/pages/covid19-vaccination-update.php,49559691,32688608,16871083,
Bangladesh,10/3/2021,"Moderna, Oxford/AstraZeneca, Pfizer/BioNTech, Sinopharm/Beijing",http://103.247.238.92/webportal/pages/covid19-vaccination-update.php,50785915,33663082,17122833,
Bangladesh,10/4/2021,"Moderna, Oxford/AstraZeneca, Pfizer/BioNTech, Sinopharm/Beijing",http://103.247.238.92/webportal/pages/covid19-vaccination-update.php,51375351,34114445,17260906,
Bangladesh,10/5/2021,"Moderna, Oxford/AstraZeneca, Pfizer/BioNTech, Sinopharm/Beijing",http://103.247.238.92/webportal/pages/covid19-vaccination-update.php,51928350,34525911,17402439,
Bangladesh,10/6/2021,"Moderna, Oxford/AstraZeneca, Pfizer/BioNTech, Sinopharm/Beijing",http://103.247.238.92/webportal/pages/covid19-vaccination-update.php,52528324,34972074,17556250,
Bangladesh,10/7/2021,"Moderna, Oxford/AstraZeneca, Pfizer/BioNTech, Sinopharm/Beijing",http://103.247.238.92/webportal/pages/covid19-vaccination-update.php,53089129,35378370,17710759,
Bangladesh,10/9/2021,"Moderna, Oxford/AstraZeneca, Pfizer/BioNTech, Sinopharm/Beijing",http://103.247.238.92/webportal/pages/covid19-vaccination-update.php,53280648,35513117,17767531,
Bangladesh,10/10/2021,"Moderna, Oxford/AstraZeneca, Pfizer/BioNTech, Sinopharm/Beijing",http://103.247.238.92/webportal/pages/covid19-vaccination-update.php,54191063,36162135,18028928,
Bangladesh,10/11/2021,"Moderna, Oxford/AstraZeneca, Pfizer/BioNTech, Sinopharm/Beijing",http://103.247.238.92/webportal/pages/covid19-vaccination-update.php,54798986,36580037,18218949,
Bangladesh,10/12/2021,"Moderna, Oxford/AstraZeneca, Pfizer/BioNTech, Sinopharm/Beijing",http://103.247.238.92/webportal/pages/covid19-vaccination-update.php,55279822,36897472,18382350,
Bangladesh,10/13/2021,"Moderna, Oxford/AstraZeneca, Pfizer/BioNTech, Sinopharm/Beijing",http://103.247.238.92/webportal/pages/covid19-vaccination-update.php,55723900,37180111,18543789,
Bangladesh,10/14/2021,"Moderna, Oxford/AstraZeneca, Pfizer/BioNTech, Sinopharm/Beijing",http://103.247.238.92/webportal/pages/covid19-vaccination-update.php,56118944,37436111,18682833,
Bangladesh,10/16/2021,"Moderna, Oxford/AstraZeneca, Pfizer/BioNTech, Sinopharm/Beijing",http://103.247.238.92/webportal/pages/covid19-vaccination-update.php,56133021,37450120,18682901,
Bangladesh,10/17/2021,"Moderna, Oxford/AstraZeneca, Pfizer/BioNTech, Sinopharm/Beijing",http://103.247.238.92/webportal/pages/covid19-vaccination-update.php,56317857,37575990,18741867,
Bangladesh,10/18/2021,"Moderna, Oxford/AstraZeneca, Pfizer/BioNTech, Sinopharm/Beijing",http://103.247.238.92/webportal/pages/covid19-vaccination-update.php,57279405,38180638,19098767,
Bangladesh,10/19/2021,"Moderna, Oxford/AstraZeneca, Pfizer/BioNTech, Sinopharm/Beijing",http://103.247.238.92/webportal/pages/covid19-vaccination-update.php,57876338,38544256,19332082,
Bangladesh,10/21/2021,"Moderna, Oxford/AstraZeneca, Pfizer/BioNTech, Sinopharm/Beijing",http://103.247.238.92/webportal/pages/covid19-vaccination-update.php,58438612,38875016,19563596,
Bangladesh,10/23/2021,"Moderna, Oxford/AstraZeneca, Pfizer/BioNTech, Sinopharm/Beijing",http://103.247.238.92/webportal/pages/covid19-vaccination-update.php,60153454,39888958,20264496,
Bangladesh,10/25/2021,"Moderna, Oxford/AstraZeneca, Pfizer/BioNTech, Sinopharm/Beijing",http://103.247.238.92/webportal/pages/covid19-vaccination-update.php,60871683,40281045,20590638,
Bangladesh,10/31/2021,"Moderna, Oxford/AstraZeneca, Pfizer/BioNTech, Sinopharm/Beijing",http://103.247.238.92/webportal/pages/covid19-vaccination-update.php,70510078,41784170,28725908,
Bangladesh,11/1/2021,"Moderna, Oxford/AstraZeneca, Pfizer/BioNTech, Sinopharm/Beijing",http://103.247.238.92/webportal/pages/covid19-vaccination-update.php,71392153,42156550,29235603,
Bangladesh,11/2/2021,"Moderna, Oxford/AstraZeneca, Pfizer/BioNTech, Sinopharm/Beijing",http://103.247.238.92/webportal/pages/covid19-vaccination-update.php,72027089,42464397,29562692,
Bangladesh,11/3/2021,"Moderna, Oxford/AstraZeneca, Pfizer/BioNTech, Sinopharm/Beijing",http://103.247.238.92/webportal/pages/covid19-vaccination-update.php,72711848,42816155,29895693,
Bangladesh,11/4/2021,"Moderna, Oxford/AstraZeneca, Pfizer/BioNTech, Sinopharm/Beijing",http://103.247.238.92/webportal/pages/covid19-vaccination-update.php,73306117,43100706,30205411,
Bangladesh,11/6/2021,"Moderna, Oxford/AstraZeneca, Pfizer/BioNTech, Sinopharm/Beijing",http://103.247.238.92/webportal/pages/covid19-vaccination-update.php,73875852,43356721,30519131,
Bangladesh,11/7/2021,"Moderna, Oxford/AstraZeneca, Pfizer/BioNTech, Sinopharm/Beijing",http://103.247.238.92/webportal/pages/covid19-vaccination-update.php,75557364,44688518,30868846,
Bangladesh,11/8/2021,"Moderna, Oxford/AstraZeneca, Pfizer/BioNTech, Sinopharm/Beijing",http://103.247.238.92/webportal/pages/covid19-vaccination-update.php,76877974,45591578,31286396,
Bangladesh,11/9/2021,"Moderna, Oxford/AstraZeneca, Pfizer/BioNTech, Sinopharm/Beijing",http://103.247.238.92/webportal/pages/covid19-vaccination-update.php,78356722,46730449,31626273,
Bangladesh,11/10/2021,"Moderna, Oxford/AstraZeneca, Pfizer/BioNTech, Sinopharm/Beijing",http://103.247.238.92/webportal/pages/covid19-vaccination-update.php,81082237,49114910,31967327,
Bangladesh,11/11/2021,"Moderna, Oxford/AstraZeneca, Pfizer/BioNTech, Sinopharm/Beijing",http://103.247.238.92/webportal/pages/covid19-vaccination-update.php,82592588,50328975,32263613,
Bangladesh,11/13/2021,"Moderna, Oxford/AstraZeneca, Pfizer/BioNTech, Sinopharm/Beijing",http://103.247.238.92/webportal/pages/covid19-vaccination-update.php,83837945,51299236,32538709,
Bangladesh,11/14/2021,"Moderna, Oxford/AstraZeneca, Pfizer/BioNTech, Sinopharm/Beijing",http://103.247.238.92/webportal/pages/covid19-vaccination-update.php,84319490,51510392,32809098,
Bangladesh,11/15/2021,"Moderna, Oxford/AstraZeneca, Pfizer/BioNTech, Sinopharm/Beijing",http://103.247.238.92/webportal/pages/covid19-vaccination-update.php,84936742,51788929,33147813,
Bangladesh,11/17/2021,"Moderna, Oxford/AstraZeneca, Pfizer/BioNTech, Sinopharm/Beijing",http://103.247.238.92/webportal/pages/covid19-vaccination-update.php,86266596,52526916,33739680,
Bangladesh,11/18/2021,"Moderna, Oxford/AstraZeneca, Pfizer/BioNTech, Sinopharm/Beijing",http://103.247.238.92/webportal/pages/covid19-vaccination-update.php,86995218,52995353,33999865,
Bangladesh,11/24/2021,"Moderna, Oxford/AstraZeneca, Pfizer/BioNTech, Sinopharm/Beijing",http://103.247.238.92/webportal/pages/covid19-vaccination-update.php,91737886,56329974,35407912,
Bangladesh,11/25/2021,"Moderna, Oxford/AstraZeneca, Pfizer/BioNTech, Sinopharm/Beijing",http://103.247.238.92/webportal/pages/covid19-vaccination-update.php,92730087,57042291,35687796,
Bangladesh,11/27/2021,"Moderna, Oxford/AstraZeneca, Pfizer/BioNTech, Sinopharm/Beijing",http://103.247.238.92/webportal/pages/covid19-vaccination-update.php,93786656,57817590,35969066,
Bangladesh,11/28/2021,"Moderna, Oxford/AstraZeneca, Pfizer/BioNTech, Sinopharm/Beijing",http://103.247.238.92/webportal/pages/covid19-vaccination-update.php,93786813,57817590,35969223,
Bangladesh,11/29/2021,"Moderna, Oxford/AstraZeneca, Pfizer/BioNTech, Sinopharm/Beijing",http://103.247.238.92/webportal/pages/covid19-vaccination-update.php,95707592,59286893,36420699,
Bangladesh,11/30/2021,"Moderna, Oxford/AstraZeneca, Pfizer/BioNTech, Sinopharm/Beijing",http://103.247.238.92/webportal/pages/covid19-vaccination-update.php,96434845,59839716,36595129,
Bangladesh,12/1/2021,"Moderna, Oxford/AstraZeneca, Pfizer/BioNTech, Sinopharm/Beijing",http://103.247.238.92/webportal/pages/covid19-vaccination-update.php,98566118,61614159,36951959,
Bangladesh,12/2/2021,"Moderna, Oxford/AstraZeneca, Pfizer/BioNTech, Sinopharm/Beijing",http://103.247.238.92/webportal/pages/covid19-vaccination-update.php,99871848,62612672,37259176,
Bangladesh,12/4/2021,"Moderna, Oxford/AstraZeneca, Pfizer/BioNTech, Sinopharm/Beijing",http://103.247.238.92/webportal/pages/covid19-vaccination-update.php,101198354,63639683,37558671,
Bangladesh,12/5/2021,"Moderna, Oxford/AstraZeneca, Pfizer/BioNTech, Sinopharm/Beijing",http://103.247.238.92/webportal/pages/covid19-vaccination-update.php,102108505,64284262,37824243,
Bangladesh,12/6/2021,"Moderna, Oxford/AstraZeneca, Pfizer/BioNTech, Sinopharm/Beijing",http://103.247.238.92/webportal/pages/covid19-vaccination-update.php,103091820,64958515,38133305,
Bangladesh,12/7/2021,"Moderna, Oxford/AstraZeneca, Pfizer/BioNTech, Sinopharm/Beijing",http://103.247.238.92/webportal/pages/covid19-vaccination-update.php,103668706,65176140,38492566,
Bangladesh,12/8/2021,"Moderna, Oxford/AstraZeneca, Pfizer/BioNTech, Sinopharm/Beijing",http://103.247.238.92/webportal/pages/covid19-vaccination-update.php,105138474,65484710,39653764,
Bangladesh,12/9/2021,"Moderna, Oxford/AstraZeneca, Pfizer/BioNTech, Sinopharm/Beijing",http://103.247.238.92/webportal/pages/covid19-vaccination-update.php,106575146,65835395,40739751,
Bangladesh,1/10/2022,"Moderna, Oxford/AstraZeneca, Pfizer/BioNTech, Sinopharm/Beijing",http://103.247.238.92/webportal/pages/covid19-vaccination-update.php,133127379,78256299,54871080,
Bangladesh,1/12/2022,"Moderna, Oxford/AstraZeneca, Pfizer/BioNTech, Sinopharm/Beijing",http://103.247.238.92/webportal/pages/covid19-vaccination-update.php,137578252,82052930,55525322,
Bangladesh,1/14/2022,"Moderna, Oxford/AstraZeneca, Pfizer/BioNTech, Sinopharm/Beijing",http://103.247.238.92/webportal/pages/covid19-vaccination-update.php,139348004,83486556,55861448,
Bangladesh,1/15/2022,"Moderna, Oxford/AstraZeneca, Pfizer/BioNTech, Sinopharm/Beijing",http://103.247.238.92/webportal/pages/covid19-vaccination-update.php,141669487,85287956,56191252,190279
Bangladesh,1/16/2022,"Moderna, Oxford/AstraZeneca, Pfizer/BioNTech, Sinopharm/Beijing",http://103.247.238.92/webportal/pages/covid19-vaccination-update.php,144171163,87092079,56481969,597115
Bangladesh,1/17/2022,"Moderna, Oxford/AstraZeneca, Pfizer/BioNTech, Sinopharm/Beijing",http://103.247.238.92/webportal/pages/covid19-vaccination-update.php,147090808,89310521,57039215,741072
Bangladesh,1/18/2022,"Moderna, Oxford/AstraZeneca, Pfizer/BioNTech, Sinopharm/Beijing",http://103.247.238.92/webportal/pages/covid19-vaccination-update.php,148552776,90391838,57363038,797900
Bangladesh,1/19/2022,"Moderna, Oxford/AstraZeneca, Pfizer/BioNTech, Sinopharm/Beijing",http://103.247.238.92/webportal/pages/covid19-vaccination-update.php,149871251,91322538,57675272,873441
Bangladesh,1/20/2022,"Moderna, Oxford/AstraZeneca, Pfizer/BioNTech, Sinopharm/Beijing",http://103.247.238.92/webportal/pages/covid19-vaccination-update.php,151390044,92426233,58005259,958552
Bangladesh,1/22/2022,"Moderna, Oxford/AstraZeneca, Pfizer/BioNTech, Sinopharm/Beijing",http://103.247.238.92/webportal/pages/covid19-vaccination-update.php,152813421,93403492,58372858,1037071
Bangladesh,1/24/2022,"Moderna, Oxford/AstraZeneca, Pfizer/BioNTech, Sinopharm/Beijing",http://103.247.238.92/webportal/pages/covid19-vaccination-update.php,153882479,94015291,58743253,1123935
Bangladesh,1/25/2022,"Moderna, Oxford/AstraZeneca, Pfizer/BioNTech, Sinopharm/Beijing",http://103.247.238.92/webportal/pages/covid19-vaccination-update.php,155002117,94703296,59108539,1190282
Bangladesh,1/26/2022,"Moderna, Oxford/AstraZeneca, Pfizer/BioNTech, Sinopharm/Beijing",http://103.247.238.92/webportal/pages/covid19-vaccination-update.php,156416604,95440321,59711538,1264745
Bangladesh,2/18/2022,"Moderna, Oxford/AstraZeneca, Pfizer/BioNTech, Sinopharm/Beijing, Sinovac",http://103.247.238.92/webportal/pages/covid19-vaccination-update.php,178443117,101441932,74109751,2891434
Bangladesh,2/19/2022,"Moderna, Oxford/AstraZeneca, Pfizer/BioNTech, Sinopharm/Beijing, Sinovac",http://103.247.238.92/webportal/pages/covid19-vaccination-update.php,182357027,102503628,76750335,3103064
Bangladesh,2/22/2022,"Moderna, Oxford/AstraZeneca, Pfizer/BioNTech, Sinopharm/Beijing, Sinovac",http://103.247.238.92/webportal/pages/covid19-vaccination-update.php,184605792,103358935,78019525,3227332
Bangladesh,2/28/2022,"Moderna, Oxford/AstraZeneca, Pfizer/BioNTech, Sinopharm/Beijing, Sinovac",http://103.247.238.92/webportal/pages/covid19-vaccination-update.php,209937805,122689831,83529389,3718585
Bangladesh,3/6/2022,"Moderna, Oxford/AstraZeneca, Pfizer/BioNTech, Sinopharm/Beijing, Sinovac",http://103.247.238.92/webportal/pages/covid19-vaccination-update.php,215798686,125316319,86332008,4150359
Bangladesh,3/7/2022,"Moderna, Oxford/AstraZeneca, Pfizer/BioNTech, Sinopharm/Beijing, Sinovac",http://103.247.238.92/webportal/pages/covid19-vaccination-update.php,217266600,125588721,87310746,4367133
Bangladesh,3/8/2022,"Johnson&Johnson, Moderna, Oxford/AstraZeneca, Pfizer/BioNTech, Sinopharm/Beijing, Sinovac",http://103.247.238.92/webportal/pages/covid19-vaccination-update.php,217946936,125881775,87795353,4455367
Bangladesh,3/9/2022,"Johnson&Johnson, Moderna, Oxford/AstraZeneca, Pfizer/BioNTech, Sinopharm/Beijing, Sinovac",http://103.247.238.92/webportal/pages/covid19-vaccination-update.php,218480394,125957830,88169891,4538232
Bangladesh,3/10/2022,"Johnson&Johnson, Moderna, Oxford/AstraZeneca, Pfizer/BioNTech, Sinopharm/Beijing, Sinovac",http://103.247.238.92/webportal/pages/covid19-vaccination-update.php,219085724,126034012,88604615,4632656
Bangladesh,3/12/2022,"Johnson&Johnson, Moderna, Oxford/AstraZeneca, Pfizer/BioNTech, Sinopharm/Beijing, Sinovac",http://103.247.238.92/webportal/pages/covid19-vaccination-update.php,219772817,126123736,89081460,4753180
Bangladesh,3/13/2022,"Johnson&Johnson, Moderna, Oxford/AstraZeneca, Pfizer/BioNTech, Sinopharm/Beijing, Sinovac",http://103.247.238.92/webportal/pages/covid19-vaccination-update.php,220410542,126228916,89486205,4886043
Bangladesh,3/14/2022,"Johnson&Johnson, Moderna, Oxford/AstraZeneca, Pfizer/BioNTech, Sinopharm/Beijing, Sinovac",http://103.247.238.92/webportal/pages/covid19-vaccination-update.php,221114648,126309868,89929734,5066251
Bangladesh,3/15/2022,"Johnson&Johnson, Moderna, Oxford/AstraZeneca, Pfizer/BioNTech, Sinopharm/Beijing, Sinovac",http://103.247.238.92/webportal/pages/covid19-vaccination-update.php,221917416,126413354,90412284,5283463
Bangladesh,3/16/2022,"Johnson&Johnson, Moderna, Oxford/AstraZeneca, Pfizer/BioNTech, Sinopharm/Beijing, Sinovac",http://103.247.238.92/webportal/pages/covid19-vaccination-update.php,222676046,126501599,90839883,5527515
Bangladesh,3/18/2022,"Johnson&Johnson, Moderna, Oxford/AstraZeneca, Pfizer/BioNTech, Sinopharm/Beijing, Sinovac",http://103.247.238.92/webportal/pages/covid19-vaccination-update.php,223123850,126544686,91030633,5742800
Bangladesh,3/19/2022,"Johnson&Johnson, Moderna, Oxford/AstraZeneca, Pfizer/BioNTech, Sinopharm/Beijing, Sinovac",http://103.247.238.92/webportal/pages/covid19-vaccination-update.php,223356815,126580112,91157926,5813046
Bangladesh,3/20/2022,"Johnson&Johnson, Moderna, Oxford/AstraZeneca, Pfizer/BioNTech, Sinopharm/Beijing, Sinovac",http://103.247.238.92/webportal/pages/covid19-vaccination-update.php,224397254,126684729,91743096,6163898
Bangladesh,3/21/2022,"Johnson&Johnson, Moderna, Oxford/AstraZeneca, Pfizer/BioNTech, Sinopharm/Beijing, Sinovac",http://103.247.238.92/webportal/pages/covid19-vaccination-update.php,225478918,126783997,92411384,6478975
Bangladesh,3/22/2022,"Johnson&Johnson, Moderna, Oxford/AstraZeneca, Pfizer/BioNTech, Sinopharm/Beijing, Sinovac",http://103.247.238.92/webportal/pages/covid19-vaccination-update.php,226759273,126878960,93293436,6785006
Bangladesh,3/23/2022,"Johnson&Johnson, Moderna, Oxford/AstraZeneca, Pfizer/BioNTech, Sinopharm/Beijing, Sinovac",http://103.247.238.92/webportal/pages/covid19-vaccination-update.php,227857228,126968679,94010846,7076587
Bangladesh,3/24/2022,"Johnson&Johnson, Moderna, Oxford/AstraZeneca, Pfizer/BioNTech, Sinopharm/Beijing, Sinovac",http://103.247.238.92/webportal/pages/covid19-vaccination-update.php,229224717,127058156,94960101,7405978
Bangladesh,3/26/2022,"Johnson&Johnson, Moderna, Oxford/AstraZeneca, Pfizer/BioNTech, Sinopharm/Beijing, Sinovac",http://103.247.238.92/webportal/pages/covid19-vaccination-update.php,229789298,127084404,95424031,7481144
Bangladesh,3/27/2022,"Johnson&Johnson, Moderna, Oxford/AstraZeneca, Pfizer/BioNTech, Sinopharm/Beijing, Sinovac",http://103.247.238.92/webportal/pages/covid19-vaccination-update.php,231420654,127169172,96671169,7780767
Bangladesh,3/28/2022,"Johnson&Johnson, Moderna, Oxford/AstraZeneca, Pfizer/BioNTech, Sinopharm/Beijing, Sinovac",http://103.247.238.92/webportal/pages/covid19-vaccination-update.php,238459012,127365973,103130478,8164211
Bangladesh,3/29/2022,"Johnson&Johnson, Moderna, Oxford/AstraZeneca, Pfizer/BioNTech, Sinopharm/Beijing, Sinovac",http://103.247.238.92/webportal/pages/covid19-vaccination-update.php,243642749,127544055,107712737,8589152
Bangladesh,3/30/2022,"Johnson&Johnson, Moderna, Oxford/AstraZeneca, Pfizer/BioNTech, Sinopharm/Beijing, Sinovac",http://103.247.238.92/webportal/pages/covid19-vaccination-update.php,247802788,127756914,111178498,9072736
Bangladesh,3/31/2022,"Johnson&Johnson, Moderna, Oxford/AstraZeneca, Pfizer/BioNTech, Sinopharm/Beijing, Sinovac",http://103.247.238.92/webportal/pages/covid19-vaccination-update.php,248319472,127880118,111178498,9466421
Bangladesh,4/3/2022,"Johnson&Johnson, Moderna, Oxford/AstraZeneca, Pfizer/BioNTech, Sinopharm/Beijing, Sinovac",http://103.247.238.92/webportal/pages/covid19-vaccination-update.php,252034101,128218843,114051310,9972239
Bangladesh,4/5/2022,"Johnson&Johnson, Moderna, Oxford/AstraZeneca, Pfizer/BioNTech, Sinopharm/Beijing, Sinovac",http://103.247.238.92/webportal/pages/covid19-vaccination-update.php,252731398,128314883,114435222,10190416
Bangladesh,4/6/2022,"Johnson&Johnson, Moderna, Oxford/AstraZeneca, Pfizer/BioNTech, Sinopharm/Beijing, Sinovac",http://103.247.238.92/webportal/pages/covid19-vaccination-update.php,253019744,128342990,114578397,10308325
Bangladesh,4/7/2022,"Johnson&Johnson, Moderna, Oxford/AstraZeneca, Pfizer/BioNTech, Sinopharm/Beijing, Sinovac",http://103.247.238.92/webportal/pages/covid19-vaccination-update.php,253352758,128371194,114744661,10447226
Bangladesh,4/9/2022,"Johnson&Johnson, Moderna, Oxford/AstraZeneca, Pfizer/BioNTech, Sinopharm/Beijing, Sinovac",http://103.247.238.92/webportal/pages/covid19-vaccination-update.php,253641057,128396731,114886026,10568900
Bangladesh,4/11/2022,"Johnson&Johnson, Moderna, Oxford/AstraZeneca, Pfizer/BioNTech, Sinopharm/Beijing, Sinovac",http://103.247.238.92/webportal/pages/covid19-vaccination-update.php,254227836,128456500,115146677,10835694
Bangladesh,4/17/2022,"Johnson&Johnson, Moderna, Oxford/AstraZeneca, Pfizer/BioNTech, Sinopharm/Beijing, Sinovac",http://103.247.238.92/webportal/pages/covid19-vaccination-update.php,255102992,128566787,115489411,11259350
Bangladesh,4/18/2022,"Johnson&Johnson, Moderna, Oxford/AstraZeneca, Pfizer/BioNTech, Sinopharm/Beijing, Sinovac",http://103.247.238.92/webportal/pages/covid19-vaccination-update.php,255597907,128628475,115666598,11515635
Bangladesh,4/19/2022,"Johnson&Johnson, Moderna, Oxford/AstraZeneca, Pfizer/BioNTech, Sinopharm/Beijing, Sinovac",http://103.247.238.92/webportal/pages/covid19-vaccination-update.php,255808159,128642674,115738651,11639929
Bangladesh,4/20/2022,"Johnson&Johnson, Moderna, Oxford/AstraZeneca, Pfizer/BioNTech, Sinopharm/Beijing, Sinovac",http://103.247.238.92/webportal/pages/covid19-vaccination-update.php,256016234,128660443,115817367,11751820
